[
{
  "masthead": "The Astralian",
  "image": "theaus_icon.png"
},
{
  "masthead": "The Wall Street Journal",
  "image": "wall_street_journal_icon.png"
},
{
  "masthead": "Daily Telegraph",
  "image": "dailytelegraph_icon.png"
},
{
  "masthead": "Herald Sun",
  "image": "herald_sun_icon.png"
},
{
  "masthead": "Courier Mail",
  "image": "courier_mail_icon.png"
},
{
  "masthead": "The Advertiser",
  "image": "the_advertiser_icon.png"
},
{
  "masthead": "NT News",
  "image": "ntnews_icon.png"
},
{
  "masthead": "Mercury",
  "image": "mercury_icon.png"
}
]
