[
{
  "masthead": "The Astralian",
  "image": "http://localhost:8888/wordpress/wp-content/uploads/2020/11/theaus_icon.png"
},
{
  "masthead": "The Wall Street Journal",
  "image": "http://localhost:8888/wordpress/wp-content/uploads/2020/11/wall_street_journal_icon.png"
},
{
  "masthead": "Daily Telegraph",
  "image": "http://localhost:8888/wordpress/wp-content/uploads/2020/11/dailytelegraph_icon.png"
},
{
  "masthead": "Herald Sun",
  "image": "http://localhost:8888/wordpress/wp-content/uploads/2020/11/herald_sun_icon.png"
},
{
  "masthead": "Courier Mail",
  "image": "http://localhost:8888/wordpress/wp-content/uploads/2020/11/courier_mail_icon.png"
},
{
  "masthead": "The Advertiser",
  "image": "http://localhost:8888/wordpress/wp-content/uploads/2020/11/the_advertiser_icon.png"
},
{
  "masthead": "NT News",
  "image": "http://localhost:8888/wordpress/wp-content/uploads/2020/11/ntnews_icon.png"
},
{
  "masthead": "Mercury",
  "image": "http://localhost:8888/wordpress/wp-content/uploads/2020/11/mercury_icon.png"
}
]
